{"accuracy": 0.9629629629629629, "f1_macro": 0.9636377578406563, "roc_auc_macro": 0.9959714404836356, "validation_score": 0.0584311056103915, "_timestamp": 1720100383, "_runtime": 3, "_step": 0, "_wandb": {"runtime": 0}}