{"accuracy": 0.9629629629629629, "f1_macro": 0.9636377578406563, "roc_auc_macro": 0.9953745200337739, "validation_score": 0.498617253369547, "_timestamp": 1720098169, "_runtime": 2, "_step": 0, "_wandb": {"runtime": 0}}