{"accuracy": 0.9444444444444444, "f1_macro": 0.9467698821057186, "roc_auc_macro": 0.9894220633280891, "validation_score": 0.23128601424537307, "_timestamp": 1720098409, "_runtime": 2, "_step": 0, "_wandb": {"runtime": 0}}