{"accuracy": 0.9444444444444444, "f1_macro": 0.9469135802469135, "roc_auc_macro": 0.9894840231192455, "validation_score": 0.135175173172518, "_timestamp": 1720098476, "_runtime": 2, "_step": 0, "_wandb": {"runtime": 0}}