{"accuracy": 0.9629629629629629, "f1_macro": 0.9616977225672878, "roc_auc_macro": 0.9835365853658536, "validation_score": 0.06897427714006955, "_timestamp": 1720101233, "_runtime": 3, "_step": 0, "_wandb": {"runtime": 0}}