{"accuracy": 0.9444444444444444, "f1_macro": 0.9469135802469135, "roc_auc_macro": 0.9865295822254215, "validation_score": 0.2653602113873579, "_timestamp": 1720098096, "_runtime": 2, "_step": 0, "_wandb": {"runtime": 0}}