{"accuracy": 0.9629629629629629, "f1_macro": 0.9636377578406563, "roc_auc_macro": 0.9963004459596999, "validation_score": 0.5063715130475225, "_timestamp": 1720098348, "_runtime": 2, "_step": 0, "_wandb": {"runtime": 0}}