{"accuracy": 0.9629629629629629, "f1_macro": 0.9636377578406563, "roc_auc_macro": 0.9963004459596999, "validation_score": 0.5106313507566089, "_timestamp": 1720098189, "_runtime": 2, "_step": 0, "_wandb": {"runtime": 0}}