{"accuracy": 0.9444444444444444, "f1_macro": 0.9469135802469135, "roc_auc_macro": 0.9883956692869894, "validation_score": 0.06694374152329242, "_timestamp": 1720101119, "_runtime": 3, "_step": 0, "_wandb": {"runtime": 0}}