{"accuracy": 0.9629629629629629, "f1_macro": 0.9636377578406563, "roc_auc_macro": 0.9964628738660304, "validation_score": 0.07273402920621201, "_timestamp": 1720100935, "_runtime": 3, "_step": 0, "_wandb": {"runtime": 0}}