{"accuracy": 0.9629629629629629, "f1_macro": 0.9636377578406563, "roc_auc_macro": 0.9968303876661123, "validation_score": 0.4928916708939384, "_timestamp": 1720098329, "_runtime": 3, "_step": 0, "_wandb": {"runtime": 0}}