{"accuracy": 0.9074074074074074, "f1_macro": 0.9078941269179066, "roc_auc_macro": 0.9863437504936788, "validation_score": 0.2363067798861514, "_timestamp": 1720098250, "_runtime": 3, "_step": 0, "_wandb": {"runtime": 0}}