{"accuracy": 0.9444444444444444, "f1_macro": 0.9467698821057186, "roc_auc_macro": 0.9894169967340699, "validation_score": 0.49292955899932805, "_timestamp": 1720098362, "_runtime": 3, "_step": 0, "_wandb": {"runtime": 0}}