{"accuracy": 0.9629629629629629, "f1_macro": 0.9616977225672878, "roc_auc_macro": 0.9830736224028906, "validation_score": 0.14613689524855092, "_timestamp": 1720098470, "_runtime": 3, "_step": 0, "_wandb": {"runtime": 0}}