{"accuracy": 0.9629629629629629, "f1_macro": 0.9636377578406563, "roc_auc_macro": 0.9963674247031492, "validation_score": 0.0663969566919686, "_timestamp": 1720100376, "_runtime": 2, "_step": 0, "_wandb": {"runtime": 0}}