{"accuracy": 0.9074074074074074, "f1_macro": 0.9078941269179066, "roc_auc_macro": 0.9863437504936788, "validation_score": 0.15659893377654802, "_timestamp": 1720098302, "_runtime": 2, "_step": 0, "_wandb": {"runtime": 0}}