{"accuracy": 0.9629629629629629, "f1_macro": 0.9636377578406563, "roc_auc_macro": 0.9974557785354055, "validation_score": 0.13157446083025665, "_timestamp": 1720098436, "_runtime": 2, "_step": 0, "_wandb": {"runtime": 1}}