{"accuracy": 0.9444444444444444, "f1_macro": 0.9469135802469135, "roc_auc_macro": 0.9913459605174095, "validation_score": 0.14651138679523867, "_timestamp": 1720098149, "_runtime": 2, "_step": 0, "_wandb": {"runtime": 0}}