{"accuracy": 0.9629629629629629, "f1_macro": 0.9636377578406563, "roc_auc_macro": 0.9955369479401043, "validation_score": 0.07239781115435528, "_timestamp": 1720100562, "_runtime": 2, "_step": 0, "_wandb": {"runtime": 0}}