{"accuracy": 0.9444444444444444, "f1_macro": 0.9467698821057186, "roc_auc_macro": 0.9899520050345014, "validation_score": 0.47978918139784343, "_timestamp": 1720098355, "_runtime": 2, "_step": 0, "_wandb": {"runtime": 0}}