{"accuracy": 0.9629629629629629, "f1_macro": 0.9616977225672878, "roc_auc_macro": 0.9846249391981098, "validation_score": 0.06549512205298219, "_timestamp": 1720100855, "_runtime": 3, "_step": 0, "_wandb": {"runtime": 0}}