{"accuracy": 0.9629629629629629, "f1_macro": 0.9636377578406563, "roc_auc_macro": 0.995837482996737, "validation_score": 0.2559973543930937, "_timestamp": 1720098403, "_runtime": 4, "_step": 0, "_wandb": {"runtime": 0}}