{"accuracy": 0.9444444444444444, "f1_macro": 0.9469135802469135, "roc_auc_macro": 0.9890210601562827, "validation_score": 0.06694371294778718, "_timestamp": 1720100742, "_runtime": 4, "_step": 0, "_wandb": {"runtime": 0}}