{"accuracy": 0.9629629629629629, "f1_macro": 0.9636377578406563, "roc_auc_macro": 0.9963004459596999, "validation_score": 0.5186457729243539, "_timestamp": 1720098009, "_runtime": 2, "_step": 0, "_wandb": {"runtime": 1}}