{"accuracy": 0.9444444444444444, "f1_macro": 0.9469135802469135, "roc_auc_macro": 0.981847161420332, "validation_score": 0.1707510889416994, "_timestamp": 1720098309, "_runtime": 3, "_step": 0, "_wandb": {"runtime": 0}}