{"accuracy": 0.9444444444444444, "f1_macro": 0.9467698821057186, "roc_auc_macro": 0.9915368112014454, "validation_score": 0.48410131039462156, "_timestamp": 1720098368, "_runtime": 2, "_step": 0, "_wandb": {"runtime": 0}}